<?xml version="1.0" encoding="utf-8" standalone="yes" ?>
<rss version="2.0" xmlns:atom="http://www.w3.org/2005/Atom">
  <channel>
    <title>Home | Creator&#39;s Landing Page | Hugo Theme</title>
    <link>https://example.com/</link>
      <atom:link href="https://example.com/index.xml" rel="self" type="application/rss+xml" />
    <description>Home</description>
    <generator>Hugo Blox Builder (https://hugoblox.com)</generator><language>en-us</language><lastBuildDate>Tue, 24 Oct 2023 00:00:00 +0000</lastBuildDate>
    <image>
      <url>https://example.com/media/icon_hu68170e94a17a2a43d6dcb45cf0e8e589_3079_512x512_fill_lanczos_center_3.png</url>
      <title>Home</title>
      <link>https://example.com/</link>
    </image>
    
  </channel>
</rss>
